[
  {
    "organizationId": "0f41b1c4-c009-42b3-fc4f-08da331380f6",
    "name": "A MJM Test 0511",
    "businessRegisterIdentifier": "12345678",
    "comment": null,
    "address": {
      "streetName": "Vejen",
      "number": "1",
      "zipCode": "7000",
      "city": "Fredericia",
      "country": "GB"
    },
    "actors": [
      {
        "actorId": "b4594138-132b-44a9-c241-08da3314c571",
        "externalActorId": "b7d39a0d-f334-4de5-a5f3-81cad6f73609",
        "gln": { "value": "2678824437777" },
        "status": "Active",
        "gridAreas": ["b804a9e5-b7dd-4a2e-ab45-36cd38e2327a"],
        "marketRoles": [],
        "meteringPointTypes": ["Unknown"]
      },
      {
        "actorId": "bdbfef68-7f59-4483-c244-08da3314c571",
        "externalActorId": "fbcc7cd2-d378-4b6a-bf3b-67dddf810777",
        "gln": { "value": "6194960652523" },
        "status": "Active",
        "gridAreas": [],
        "marketRoles": [],
        "meteringPointTypes": []
      },
      {
        "actorId": "c0abe83b-df48-4feb-aa81-08da3804e9ee",
        "externalActorId": "78a19d28-640c-4178-91b7-e59d851e4315",
        "gln": { "value": "7914351637149" },
        "status": "New",
        "gridAreas": [],
        "marketRoles": [],
        "meteringPointTypes": ["Unknown"]
      }
    ]
  },
  {
    "organizationId": "a726459a-0358-4d6c-ffb3-08da2749fbb7",
    "name": "A MJM Test 3 ",
    "businessRegisterIdentifier": "12345670",
    "comment": null,
    "address": {
      "streetName": "Hejvej",
      "number": "5",
      "zipCode": "7000",
      "city": "Fredericia",
      "country": "DK"
    },
    "actors": [
      {
        "actorId": "b9e70794-2100-47c2-7c5b-08da2dc603b3",
        "externalActorId": "7f5f074a-5932-42cf-bcee-ff8d0710a0f5",
        "gln": { "value": "3583430789310" },
        "status": "Deleted",
        "gridAreas": [],
        "marketRoles": [],
        "meteringPointTypes": []
      },
      {
        "actorId": "85109890-6fea-486d-3ff3-08da2dc66d57",
        "externalActorId": "5ef6f4d0-8f7d-4665-9f14-91c21ceca22d",
        "gln": { "value": "3583430789310" },
        "status": "New",
        "gridAreas": [],
        "marketRoles": [],
        "meteringPointTypes": []
      },
      {
        "actorId": "1492cd97-1aad-4267-db37-08da3a2de5db",
        "externalActorId": "4dbce63b-288b-4d3c-9968-1ddf8ef1e4c5",
        "gln": { "value": "3583430789310" },
        "status": "New",
        "gridAreas": [],
        "marketRoles": [{ "eicFunction": "BalanceResponsibleParty" }],
        "meteringPointTypes": ["Unknown"]
      }
    ]
  },
  {
    "organizationId": "e586e897-60e7-4f95-c109-08da26affe2e",
    "name": "A Test MJM",
    "businessRegisterIdentifier": "12345678",
    "comment": null,
    "address": {
      "streetName": null,
      "number": null,
      "zipCode": null,
      "city": null,
      "country": "DK"
    },
    "actors": [
      {
        "actorId": "b7158c89-8196-4799-c242-08da3314c571",
        "externalActorId": "39a49d21-83e9-4470-b95f-5a0508a3d42b",
        "gln": { "value": "1057341175354" },
        "status": "New",
        "gridAreas": [],
        "marketRoles": [],
        "meteringPointTypes": []
      },
      {
        "actorId": "d8f74c86-2ee0-4775-c243-08da3314c571",
        "externalActorId": "9e7a1861-199b-4cf9-a341-dc55e9d1f269",
        "gln": { "value": "1057341175354" },
        "status": "New",
        "gridAreas": [],
        "marketRoles": [],
        "meteringPointTypes": []
      }
    ]
  },
  {
    "organizationId": "3fba10f2-cd9e-4b3d-ff83-08da17182d5d",
    "name": "ABC A/S",
    "businessRegisterIdentifier": "12345678",
    "comment": null,
    "address": {
      "streetName": "Hejvej",
      "number": "3",
      "zipCode": "7000",
      "city": "Fredericia",
      "country": "DK"
    },
    "actors": []
  },
  {
    "organizationId": "ff9cf1d8-9c5f-4dee-d7b4-08da2910131e",
    "name": "ABCD A/S",
    "businessRegisterIdentifier": "00000000",
    "comment": null,
    "address": {
      "streetName": "Testvej",
      "number": "42",
      "zipCode": "7100",
      "city": "Vejle",
      "country": "DK"
    },
    "actors": []
  },
  {
    "organizationId": "0bd28eca-69a3-40a5-b678-19a2db936dfc",
    "name": "Batman - DDM Test 1 -",
    "businessRegisterIdentifier": "",
    "comment": null,
    "address": {
      "streetName": null,
      "number": null,
      "zipCode": null,
      "city": null,
      "country": "DK"
    },
    "actors": [
      {
        "actorId": "bc5afd9a-0f5b-46bf-9c51-44d0e02ee713",
        "externalActorId": "0fc7e028-3157-48f2-8744-5c23effe857d",
        "gln": { "value": "8200000002765" },
        "status": "Active",
        "gridAreas": [],
        "marketRoles": [
          { "eicFunction": "MeteredDataResponsible" },
          { "eicFunction": "GridAccessProvider" }
        ],
        "meteringPointTypes": []
      }
    ]
  },
  {
    "organizationId": "98eeca55-b01c-4ec8-a624-b2401f3ad2ab",
    "name": "Batman - DDM Test 2 -",
    "businessRegisterIdentifier": "",
    "comment": null,
    "address": {
      "streetName": null,
      "number": null,
      "zipCode": null,
      "city": null,
      "country": "DK"
    },
    "actors": [
      {
        "actorId": "a447ca9d-381c-4105-bfb1-6c2feae3a9a1",
        "externalActorId": "cb2266e1-7acd-49f7-95ae-858ef7800e39",
        "gln": { "value": "8200000003519" },
        "status": "Active",
        "gridAreas": ["c5ee11ed-1d93-439d-8c6d-fabf993c7a3c"],
        "marketRoles": [
          { "eicFunction": "GridAccessProvider" },
          { "eicFunction": "MeteredDataResponsible" }
        ],
        "meteringPointTypes": []
      }
    ]
  },
  {
    "organizationId": "501c8550-066d-4c2a-9cff-74f2f5ab9437",
    "name": "Batman - DDM Test 3 -",
    "businessRegisterIdentifier": "",
    "comment": null,
    "address": {
      "streetName": null,
      "number": null,
      "zipCode": null,
      "city": null,
      "country": "DK"
    },
    "actors": [
      {
        "actorId": "a47f4b15-423e-4023-b373-74a682590800",
        "externalActorId": "55878bd4-ef25-4f2e-8ba8-b2f3cca962e6",
        "gln": { "value": "8200000002727" },
        "status": "Active",
        "gridAreas": [
          "b128c1d9-1519-4d85-b675-38ae69d02206",
          "31e25acd-7a93-4740-b5c6-e931785d5d38"
        ],
        "marketRoles": [
          { "eicFunction": "MeteredDataResponsible" },
          { "eicFunction": "GridAccessProvider" }
        ],
        "meteringPointTypes": []
      }
    ]
  },
  {
    "organizationId": "bb01b793-1f2d-4e27-9f8d-19f70190b73c",
    "name": "Batman - DDM Test 4 -",
    "businessRegisterIdentifier": "",
    "comment": null,
    "address": {
      "streetName": null,
      "number": null,
      "zipCode": null,
      "city": null,
      "country": "DK"
    },
    "actors": [
      {
        "actorId": "f39ea90e-8c59-43bf-a7bf-f11a0ba14560",
        "externalActorId": "1e2cc2e8-670e-40fa-bfae-be0fec70e9aa",
        "gln": { "value": "8200000005131" },
        "status": "Active",
        "gridAreas": [
          "be4dd3fa-b91e-4539-9868-0eaa1a0e4728",
          "5327de58-cf1d-40a3-942f-98398a3594aa",
          "2aa10797-d52e-4d02-9a17-f52860fb94b8",
          "68e96f9b-5349-4a85-8d0e-c5fa4ba9299c"
        ],
        "marketRoles": [
          { "eicFunction": "GridAccessProvider" },
          { "eicFunction": "MeteredDataResponsible" }
        ],
        "meteringPointTypes": []
      }
    ]
  },
  {
    "organizationId": "d0263beb-12e9-4da5-898f-2aa39f076d8f",
    "name": "Batman Test Actor 1",
    "businessRegisterIdentifier": "",
    "comment": null,
    "address": {
      "streetName": null,
      "number": null,
      "zipCode": null,
      "city": null,
      "country": "DK"
    },
    "actors": [
      {
        "actorId": "febcf445-54f6-4a95-9651-966d1f7ddd79",
        "externalActorId": "158725db-35b5-4740-8ba4-80c616ec9f92",
        "gln": { "value": "8200000001409" },
        "status": "Active",
        "gridAreas": ["7ce2d3e1-2fac-49e3-bf46-de75c5f8b714"],
        "marketRoles": [
          { "eicFunction": "GridAccessProvider" },
          { "eicFunction": "MeteredDataResponsible" }
        ],
        "meteringPointTypes": []
      }
    ]
  },
  {
    "organizationId": "a2b72984-c2f3-40da-b88c-7cab1c85dc45",
    "name": "Batman U-001",
    "businessRegisterIdentifier": "",
    "comment": null,
    "address": {
      "streetName": null,
      "number": null,
      "zipCode": null,
      "city": null,
      "country": "DK"
    },
    "actors": [
      {
        "actorId": "7f7974dd-d2af-460e-8684-cc61f58f8117",
        "externalActorId": "a982de1f-3703-4e3c-be56-4e54418a2a59",
        "gln": { "value": "0808118335003" },
        "status": "Active",
        "gridAreas": ["a0b52135-39ba-49f8-b9ef-7bb1b90c1487"],
        "marketRoles": [
          { "eicFunction": "GridAccessProvider" },
          { "eicFunction": "MeteredDataResponsible" }
        ],
        "meteringPointTypes": []
      }
    ]
  },
  {
    "organizationId": "1bc29dca-43cc-4f17-8603-a3b3bf84895d",
    "name": "Cerius A/S",
    "businessRegisterIdentifier": "",
    "comment": null,
    "address": {
      "streetName": null,
      "number": null,
      "zipCode": null,
      "city": null,
      "country": "DK"
    },
    "actors": [
      {
        "actorId": "35e9362d-bf0d-42b0-88c5-70d3cf15e513",
        "externalActorId": "8e6124b1-36f0-43ac-b022-73d9c0fde334",
        "gln": { "value": "5790000705184" },
        "status": "Active",
        "gridAreas": ["29dbf781-171c-4d04-a109-59cc00ccc69c"],
        "marketRoles": [
          { "eicFunction": "MeteredDataResponsible" },
          { "eicFunction": "GridAccessProvider" }
        ],
        "meteringPointTypes": []
      }
    ]
  },
  {
    "organizationId": "b6f82a20-9aaf-4722-9596-3e336f7503c7",
    "name": "CGI Danmark A/S",
    "businessRegisterIdentifier": "",
    "comment": null,
    "address": {
      "streetName": null,
      "number": null,
      "zipCode": null,
      "city": null,
      "country": "DK"
    },
    "actors": [
      {
        "actorId": "66c646b1-bb7f-4795-a9af-3006ad2407fc",
        "externalActorId": "bfa610c6-c732-4613-9860-2dc04e0894dd",
        "gln": { "value": "8200000004097" },
        "status": "Active",
        "gridAreas": [],
        "marketRoles": [{ "eicFunction": "EnergySupplier" }],
        "meteringPointTypes": []
      }
    ]
  },
  {
    "organizationId": "44118d69-31c5-45db-ad0b-583cdf5fe444",
    "name": "CGI Danmark A/S",
    "businessRegisterIdentifier": "",
    "comment": null,
    "address": {
      "streetName": null,
      "number": null,
      "zipCode": null,
      "city": null,
      "country": "DK"
    },
    "actors": [
      {
        "actorId": "ec3e8d05-d108-4f73-875e-024a813b9d13",
        "externalActorId": "fa2837d8-430d-4182-871f-304ac4844043",
        "gln": { "value": "8200000001553" },
        "status": "Active",
        "gridAreas": [],
        "marketRoles": [{ "eicFunction": "EnergySupplier" }],
        "meteringPointTypes": []
      }
    ]
  },
  {
    "organizationId": "990f79b9-a892-45ca-8301-6a75f51bb64d",
    "name": "CGI Danmark A/S",
    "businessRegisterIdentifier": "",
    "comment": null,
    "address": {
      "streetName": null,
      "number": null,
      "zipCode": null,
      "city": null,
      "country": "DK"
    },
    "actors": [
      {
        "actorId": "7eae9c57-98fa-4962-bdb2-b80a2b018725",
        "externalActorId": "46e6b59d-6056-4054-a3c2-99356c067817",
        "gln": { "value": "8200000004493" },
        "status": "Active",
        "gridAreas": ["57786e64-fc34-4a31-8361-5b319a5a30b6"],
        "marketRoles": [
          { "eicFunction": "MeteredDataResponsible" },
          { "eicFunction": "GridAccessProvider" }
        ],
        "meteringPointTypes": []
      }
    ]
  },
  {
    "organizationId": "024fcedc-246e-42a5-ae81-99791ad6d029",
    "name": "CGI Danmark A/S",
    "businessRegisterIdentifier": "",
    "comment": null,
    "address": {
      "streetName": null,
      "number": null,
      "zipCode": null,
      "city": null,
      "country": "DK"
    },
    "actors": [
      {
        "actorId": "4eaca15d-4e6a-49ee-abf1-1dd2e41a4477",
        "externalActorId": "ca34f9c1-2104-48f8-a2e8-d5a99a1f9fc3",
        "gln": { "value": "8200000004110" },
        "status": "Active",
        "gridAreas": ["bf863ea8-8cf3-4ba3-b568-6c7175f47a69"],
        "marketRoles": [
          { "eicFunction": "MeteredDataResponsible" },
          { "eicFunction": "GridAccessProvider" }
        ],
        "meteringPointTypes": []
      }
    ]
  },
  {
    "organizationId": "8483a3aa-216f-40e4-a3df-0adeb74657de",
    "name": "ED Business Support AS",
    "businessRegisterIdentifier": "",
    "comment": null,
    "address": {
      "streetName": null,
      "number": null,
      "zipCode": null,
      "city": null,
      "country": "DK"
    },
    "actors": [
      {
        "actorId": "d48ded37-6f6e-4965-b619-ca04c740ffd9",
        "externalActorId": "c316bc8f-f89b-48da-a0c2-36e972b7ed7d",
        "gln": { "value": "5790002308369" },
        "status": "Active",
        "gridAreas": [],
        "marketRoles": [{ "eicFunction": "EnergySupplier" }],
        "meteringPointTypes": []
      }
    ]
  },
  {
    "organizationId": "a95cb115-8b4e-426e-927c-0565c2dc633b",
    "name": "EG A/S",
    "businessRegisterIdentifier": "",
    "comment": null,
    "address": {
      "streetName": null,
      "number": null,
      "zipCode": null,
      "city": null,
      "country": "DK"
    },
    "actors": [
      {
        "actorId": "27cf566a-3924-47df-ad83-bee47bf46ee3",
        "externalActorId": "4b8abb49-71f9-465c-9ec3-8f7cbe3f4659",
        "gln": { "value": "8200000007340" },
        "status": "Active",
        "gridAreas": [],
        "marketRoles": [{ "eicFunction": "MeteredDataResponsible" }],
        "meteringPointTypes": []
      }
    ]
  },
  {
    "organizationId": "463f18b2-330d-499d-afb0-0df09d1fa330",
    "name": "EG A/S",
    "businessRegisterIdentifier": "",
    "comment": null,
    "address": {
      "streetName": null,
      "number": null,
      "zipCode": null,
      "city": null,
      "country": "DK"
    },
    "actors": [
      {
        "actorId": "7a5387a7-d316-47bc-ae4a-6baf308352c7",
        "externalActorId": "51fdc822-ebdd-4882-a80b-eb79cf420479",
        "gln": { "value": "5790002190223" },
        "status": "Active",
        "gridAreas": ["d209da7a-94f6-41d7-88b5-6a2b793f0529"],
        "marketRoles": [
          { "eicFunction": "GridAccessProvider" },
          { "eicFunction": "MeteredDataResponsible" }
        ],
        "meteringPointTypes": []
      }
    ]
  },
  {
    "organizationId": "ccadcbb0-c217-4f90-8ee8-172a428ab093",
    "name": "EG A/S",
    "businessRegisterIdentifier": "",
    "comment": null,
    "address": {
      "streetName": null,
      "number": null,
      "zipCode": null,
      "city": null,
      "country": "DK"
    },
    "actors": [
      {
        "actorId": "6145da7d-cf05-443d-b8cb-d9f83bdcf04a",
        "externalActorId": "ef3e33bd-6963-405d-b1b2-f10929861050",
        "gln": { "value": "8200000004677" },
        "status": "Active",
        "gridAreas": ["7b360e33-6e79-43d2-ad58-306f88ad22c2"],
        "marketRoles": [
          { "eicFunction": "GridAccessProvider" },
          { "eicFunction": "MeteredDataResponsible" }
        ],
        "meteringPointTypes": []
      }
    ]
  },
  {
    "organizationId": "9946b9d8-5232-4538-9997-22bbcba91c90",
    "name": "EG A/S",
    "businessRegisterIdentifier": "",
    "comment": null,
    "address": {
      "streetName": null,
      "number": null,
      "zipCode": null,
      "city": null,
      "country": "DK"
    },
    "actors": [
      {
        "actorId": "4a4284f1-c3c0-4681-8749-83bf39bdbc64",
        "externalActorId": "f52cd834-cc72-4bbe-961c-ea1d71bf854f",
        "gln": { "value": "8200000004141" },
        "status": "Active",
        "gridAreas": [],
        "marketRoles": [{ "eicFunction": "EnergySupplier" }],
        "meteringPointTypes": []
      }
    ]
  },
  {
    "organizationId": "21976d83-528f-463d-8477-310e9f1902f4",
    "name": "EG A/S",
    "businessRegisterIdentifier": "",
    "comment": null,
    "address": {
      "streetName": null,
      "number": null,
      "zipCode": null,
      "city": null,
      "country": "DK"
    },
    "actors": [
      {
        "actorId": "4a35519d-3e36-4d82-8662-b13fb83cf59d",
        "externalActorId": "ae9fd1eb-b83d-42e2-8d1c-3b0c8f2b9ef2",
        "gln": { "value": "8200000006015" },
        "status": "Active",
        "gridAreas": ["4ee13230-3716-468f-96ee-01b15f054530"],
        "marketRoles": [
          { "eicFunction": "GridAccessProvider" },
          { "eicFunction": "MeteredDataResponsible" }
        ],
        "meteringPointTypes": []
      }
    ]
  },
  {
    "organizationId": "5f40b349-dcfa-44ab-8314-343613940296",
    "name": "EG A/S",
    "businessRegisterIdentifier": "",
    "comment": null,
    "address": {
      "streetName": null,
      "number": null,
      "zipCode": null,
      "city": null,
      "country": "DK"
    },
    "actors": [
      {
        "actorId": "af43d083-4969-4af6-a7b9-6bab2b06a4b0",
        "externalActorId": "7122b8f6-3fe9-4896-a922-ddde63cc32e8",
        "gln": { "value": "8200000004653" },
        "status": "Active",
        "gridAreas": ["3b7c493a-31d6-46f7-a5b6-cd1a902e76c3"],
        "marketRoles": [
          { "eicFunction": "MeteredDataResponsible" },
          { "eicFunction": "GridAccessProvider" }
        ],
        "meteringPointTypes": []
      }
    ]
  },
  {
    "organizationId": "96850b97-60d2-4049-a474-3890b30ee91d",
    "name": "EG A/S",
    "businessRegisterIdentifier": "",
    "comment": null,
    "address": {
      "streetName": null,
      "number": null,
      "zipCode": null,
      "city": null,
      "country": "DK"
    },
    "actors": [
      {
        "actorId": "eaaa462d-a397-46b6-bbec-2cbc509b85c9",
        "externalActorId": "7fd4af08-11e5-46f1-b0e5-29c00c2f733f",
        "gln": { "value": "5790002190230" },
        "status": "Active",
        "gridAreas": ["e4dcbf59-e1a9-4cb4-a1ed-b997fbb0e13f"],
        "marketRoles": [
          { "eicFunction": "MeteredDataResponsible" },
          { "eicFunction": "GridAccessProvider" }
        ],
        "meteringPointTypes": []
      }
    ]
  },
  {
    "organizationId": "a8b7d264-b4bb-4f09-a9c0-4789939feb3f",
    "name": "EG A/S",
    "businessRegisterIdentifier": "",
    "comment": null,
    "address": {
      "streetName": null,
      "number": null,
      "zipCode": null,
      "city": null,
      "country": "DK"
    },
    "actors": [
      {
        "actorId": "73470df5-c20c-4ce1-9919-140bacda9820",
        "externalActorId": "08707473-ce69-4699-9780-2c118dd527cf",
        "gln": { "value": "8200000007388" },
        "status": "Active",
        "gridAreas": [],
        "marketRoles": [{ "eicFunction": "MeteredDataResponsible" }],
        "meteringPointTypes": []
      }
    ]
  },
  {
    "organizationId": "c0253588-ceb2-4117-a6fe-49b35b3f97c2",
    "name": "EG A/S",
    "businessRegisterIdentifier": "",
    "comment": null,
    "address": {
      "streetName": null,
      "number": null,
      "zipCode": null,
      "city": null,
      "country": "DK"
    },
    "actors": [
      {
        "actorId": "f42698ca-c051-4055-ad2d-b7047be7eb81",
        "externalActorId": "3a4ff827-748e-4b1c-a7a2-357e1da5b4ac",
        "gln": { "value": "8200000004738" },
        "status": "Active",
        "gridAreas": [],
        "marketRoles": [{ "eicFunction": "EnergySupplier" }],
        "meteringPointTypes": []
      }
    ]
  },
  {
    "organizationId": "5e1a47a6-c734-4453-8927-53c03108f420",
    "name": "EG A/S",
    "businessRegisterIdentifier": "",
    "comment": null,
    "address": {
      "streetName": null,
      "number": null,
      "zipCode": null,
      "city": null,
      "country": "DK"
    },
    "actors": [
      {
        "actorId": "82191d07-f080-4dd7-84dc-0291fe7ea73a",
        "externalActorId": "7ba7cbd1-ec9d-4352-ae13-4c04251d75bc",
        "gln": { "value": "8200000004165" },
        "status": "Active",
        "gridAreas": ["1db4ea8d-a6af-46f5-a623-24c79bca77ad"],
        "marketRoles": [
          { "eicFunction": "MeteredDataResponsible" },
          { "eicFunction": "GridAccessProvider" }
        ],
        "meteringPointTypes": ["Unknown"]
      }
    ]
  },
  {
    "organizationId": "ffd669bb-86a0-4df3-b7f7-7ea2a3b4f8be",
    "name": "EG A/S",
    "businessRegisterIdentifier": "",
    "comment": null,
    "address": {
      "streetName": null,
      "number": null,
      "zipCode": null,
      "city": null,
      "country": "DK"
    },
    "actors": [
      {
        "actorId": "6d202ae6-a62d-479a-b351-6c8521ced037",
        "externalActorId": "0becf017-4611-429a-89b5-c194de60eac7",
        "gln": { "value": "8200000004509" },
        "status": "Active",
        "gridAreas": ["4e0cecd5-e276-4287-a103-6800f38cdb92"],
        "marketRoles": [
          { "eicFunction": "GridAccessProvider" },
          { "eicFunction": "MeteredDataResponsible" }
        ],
        "meteringPointTypes": []
      }
    ]
  },
  {
    "organizationId": "e3d0fe62-92ec-4698-a6d3-8f501259a6b4",
    "name": "EG A/S",
    "businessRegisterIdentifier": "",
    "comment": null,
    "address": {
      "streetName": null,
      "number": null,
      "zipCode": null,
      "city": null,
      "country": "DK"
    },
    "actors": [
      {
        "actorId": "884c90cb-e0d3-4d41-bea8-fb7795118ca8",
        "externalActorId": "b425d950-3e15-44a5-84bf-cf029ff110f6",
        "gln": { "value": "8200000004721" },
        "status": "Active",
        "gridAreas": [],
        "marketRoles": [{ "eicFunction": "EnergySupplier" }],
        "meteringPointTypes": []
      }
    ]
  },
  {
    "organizationId": "0aabcc27-96b8-42e2-bf08-a04b67369cc4",
    "name": "EG A/S",
    "businessRegisterIdentifier": "",
    "comment": null,
    "address": {
      "streetName": null,
      "number": null,
      "zipCode": null,
      "city": null,
      "country": "DK"
    },
    "actors": [
      {
        "actorId": "580b8190-4690-4b87-a961-0ea42306c6d0",
        "externalActorId": "351fa112-a216-421e-a5f6-42cb73f75f5c",
        "gln": { "value": "8200000005919" },
        "status": "Active",
        "gridAreas": ["972b1d50-20e7-47eb-b665-b8ef2e3c44e5"],
        "marketRoles": [
          { "eicFunction": "GridAccessProvider" },
          { "eicFunction": "MeteredDataResponsible" }
        ],
        "meteringPointTypes": []
      }
    ]
  },
  {
    "organizationId": "d927db71-cec7-49ed-8609-b3660a7ccfce",
    "name": "EG A/S",
    "businessRegisterIdentifier": "",
    "comment": null,
    "address": {
      "streetName": null,
      "number": null,
      "zipCode": null,
      "city": null,
      "country": "DK"
    },
    "actors": [
      {
        "actorId": "b4bcd8eb-43ac-4af3-80f2-a189e009ebda",
        "externalActorId": "14f60355-af6c-4267-a89f-2f20c07ea8ad",
        "gln": { "value": "8200000005711" },
        "status": "Active",
        "gridAreas": [],
        "marketRoles": [{ "eicFunction": "EnergySupplier" }],
        "meteringPointTypes": []
      }
    ]
  },
  {
    "organizationId": "0c72dec1-5682-4aba-bb12-bcaa55e4e741",
    "name": "EG A/S",
    "businessRegisterIdentifier": "",
    "comment": null,
    "address": {
      "streetName": null,
      "number": null,
      "zipCode": null,
      "city": null,
      "country": "DK"
    },
    "actors": [
      {
        "actorId": "5d562ca0-8502-4a88-91b2-c4e771be0cf2",
        "externalActorId": "91fcc2f8-305a-49a7-8e95-730e49bbb85e",
        "gln": { "value": "5790002190254" },
        "status": "Active",
        "gridAreas": [],
        "marketRoles": [{ "eicFunction": "EnergySupplier" }],
        "meteringPointTypes": []
      }
    ]
  },
  {
    "organizationId": "a31b65b7-be2e-4b19-a780-c1d68c16b662",
    "name": "EG A/S",
    "businessRegisterIdentifier": "",
    "comment": null,
    "address": {
      "streetName": null,
      "number": null,
      "zipCode": null,
      "city": null,
      "country": "DK"
    },
    "actors": [
      {
        "actorId": "430a3eef-7354-4d8b-8f9c-5e1f12166408",
        "externalActorId": "fc9ddf32-1985-4831-9c03-9f95aed6f02c",
        "gln": { "value": "8200000004714" },
        "status": "Active",
        "gridAreas": [],
        "marketRoles": [{ "eicFunction": "EnergySupplier" }],
        "meteringPointTypes": []
      }
    ]
  },
  {
    "organizationId": "1c9ee900-8825-4c15-9e75-c50391956fb9",
    "name": "EG A/S",
    "businessRegisterIdentifier": "",
    "comment": null,
    "address": {
      "streetName": null,
      "number": null,
      "zipCode": null,
      "city": null,
      "country": "DK"
    },
    "actors": [
      {
        "actorId": "ef17da90-99c4-4790-b058-8a01661c779a",
        "externalActorId": "60257177-cedb-4798-9da1-452301439df7",
        "gln": { "value": "8200000005810" },
        "status": "Active",
        "gridAreas": [],
        "marketRoles": [{ "eicFunction": "EnergySupplier" }],
        "meteringPointTypes": []
      }
    ]
  },
  {
    "organizationId": "b7ece155-aca9-4d3e-a991-c786abbfdb18",
    "name": "EG A/S",
    "businessRegisterIdentifier": "",
    "comment": null,
    "address": {
      "streetName": null,
      "number": null,
      "zipCode": null,
      "city": null,
      "country": "DK"
    },
    "actors": [
      {
        "actorId": "4e815b0d-56bc-4f36-814a-44616b44adb9",
        "externalActorId": "a363a555-e88b-4cde-a22b-1fd52854ec05",
        "gln": { "value": "8200000002857" },
        "status": "Active",
        "gridAreas": [],
        "marketRoles": [{ "eicFunction": "EnergySupplier" }],
        "meteringPointTypes": []
      }
    ]
  },
  {
    "organizationId": "0dd54790-6f79-47b9-9ec1-4119b28536f2",
    "name": "ENDK - Ellev_1A",
    "businessRegisterIdentifier": "",
    "comment": null,
    "address": {
      "streetName": null,
      "number": null,
      "zipCode": null,
      "city": null,
      "country": "DK"
    },
    "actors": [
      {
        "actorId": "c72a8a76-c134-46d8-af04-1815ce65d19a",
        "externalActorId": "09591f53-b531-4db5-bb66-a2f52a393d82",
        "gln": { "value": "5790002420689" },
        "status": "Active",
        "gridAreas": [],
        "marketRoles": [{ "eicFunction": "EnergySupplier" }],
        "meteringPointTypes": []
      }
    ]
  },
  {
    "organizationId": "104a9a7c-0179-4d54-861f-37ed569774da",
    "name": "ENDK - Ellev_1B",
    "businessRegisterIdentifier": "",
    "comment": null,
    "address": {
      "streetName": null,
      "number": null,
      "zipCode": null,
      "city": null,
      "country": "DK"
    },
    "actors": [
      {
        "actorId": "0f3dbff4-948a-47dc-852d-fff224e687a5",
        "externalActorId": "83510249-9f7c-4827-a67c-499a3a94f533",
        "gln": { "value": "8100000000115" },
        "status": "Active",
        "gridAreas": [],
        "marketRoles": [{ "eicFunction": "EnergySupplier" }],
        "meteringPointTypes": []
      }
    ]
  },
  {
    "organizationId": "8dba3753-6576-48a3-9248-25ca166c7919",
    "name": "ENDK - Netområde 804",
    "businessRegisterIdentifier": "",
    "comment": null,
    "address": {
      "streetName": null,
      "number": null,
      "zipCode": null,
      "city": null,
      "country": "DK"
    },
    "actors": [
      {
        "actorId": "f68d8071-4327-445c-a9e3-430eb0891f20",
        "externalActorId": "0e223e42-bed4-4778-a973-8d0ad9813f71",
        "gln": { "value": "8100000000047" },
        "status": "Active",
        "gridAreas": ["72ad0e74-c0ac-4bbd-8ae1-8087303177aa"],
        "marketRoles": [
          { "eicFunction": "GridAccessProvider" },
          { "eicFunction": "MeteredDataResponsible" }
        ],
        "meteringPointTypes": []
      }
    ]
  },
  {
    "organizationId": "3ec60345-79ab-43c7-9ad7-68fb11bf3cfa",
    "name": "Energinet DataHub A/S",
    "businessRegisterIdentifier": "",
    "comment": null,
    "address": {
      "streetName": null,
      "number": null,
      "zipCode": null,
      "city": null,
      "country": "DK"
    },
    "actors": [
      {
        "actorId": "8f3f5dae-a598-43e0-9d01-c7d4fc95708a",
        "externalActorId": "03603af3-8f70-4b23-b369-454aec9fb4f4",
        "gln": { "value": "5790001330552" },
        "status": "Active",
        "gridAreas": [],
        "marketRoles": [{ "eicFunction": "MeteringPointAdministrator" }],
        "meteringPointTypes": []
      }
    ]
  },
  {
    "organizationId": "3f41da43-27b5-410b-8abb-83051ee4265d",
    "name": "Energiselskabet Natur-Energi A/S",
    "businessRegisterIdentifier": "",
    "comment": null,
    "address": {
      "streetName": null,
      "number": null,
      "zipCode": null,
      "city": null,
      "country": "DK"
    },
    "actors": [
      {
        "actorId": "dbcd35ed-ab7b-4cf1-a329-fab655265230",
        "externalActorId": "8ff5c6cf-4b5b-456a-8a58-337efd49aa3b",
        "gln": { "value": "5790002473739" },
        "status": "Active",
        "gridAreas": [],
        "marketRoles": [{ "eicFunction": "MeteredDataResponsible" }],
        "meteringPointTypes": []
      }
    ]
  },
  {
    "organizationId": "1862283d-dc24-45a9-8a80-851a80c7eea7",
    "name": "Energiselskabet Natur-Energi A/S",
    "businessRegisterIdentifier": "",
    "comment": null,
    "address": {
      "streetName": null,
      "number": null,
      "zipCode": null,
      "city": null,
      "country": "DK"
    },
    "actors": [
      {
        "actorId": "1ffd9556-64a9-4071-89a7-5d2a02f2dd48",
        "externalActorId": "38312a77-50b5-41ce-bd5e-2d0ad7500c0a",
        "gln": { "value": "5790002473517" },
        "status": "Active",
        "gridAreas": [],
        "marketRoles": [{ "eicFunction": "EnergySupplier" }],
        "meteringPointTypes": []
      }
    ]
  },
  {
    "organizationId": "ca6dc8b8-0127-4187-9ac9-317024150330",
    "name": "Fellowmind Denmark A/S",
    "businessRegisterIdentifier": "",
    "comment": null,
    "address": {
      "streetName": null,
      "number": null,
      "zipCode": null,
      "city": null,
      "country": "DK"
    },
    "actors": [
      {
        "actorId": "4e51bf80-c68c-45ff-a126-6e72ce8dead5",
        "externalActorId": "59090111-0b3e-4530-bc1f-5803a5017415",
        "gln": { "value": "5790000428687" },
        "status": "Active",
        "gridAreas": ["96c0e70d-bbdf-45e3-babb-988ffeba26b1"],
        "marketRoles": [
          { "eicFunction": "GridAccessProvider" },
          { "eicFunction": "MeteredDataResponsible" }
        ],
        "meteringPointTypes": []
      }
    ]
  },
  {
    "organizationId": "a2c7c267-05f2-40c4-b44b-927d9ecf721b",
    "name": "Fellowmind Denmark A/S",
    "businessRegisterIdentifier": "",
    "comment": null,
    "address": {
      "streetName": null,
      "number": null,
      "zipCode": null,
      "city": null,
      "country": "DK"
    },
    "actors": [
      {
        "actorId": "aa0a49de-c84f-459a-b938-f92a679b2bfb",
        "externalActorId": "dd85c8e2-7e6a-4489-bbf2-20b10acd8077",
        "gln": { "value": "8200000005056" },
        "status": "Active",
        "gridAreas": ["69098c8c-60b4-4de4-9951-4bcb5b37208f"],
        "marketRoles": [
          { "eicFunction": "GridAccessProvider" },
          { "eicFunction": "MeteredDataResponsible" }
        ],
        "meteringPointTypes": []
      }
    ]
  },
  {
    "organizationId": "682b154b-0921-42f8-93af-9e5d224bb745",
    "name": "Fellowmind Denmark A/S",
    "businessRegisterIdentifier": "",
    "comment": null,
    "address": {
      "streetName": null,
      "number": null,
      "zipCode": null,
      "city": null,
      "country": "DK"
    },
    "actors": [
      {
        "actorId": "853cc4f4-a36b-439a-bc3b-b2c180d53c09",
        "externalActorId": "bbab4771-3fc4-4c44-99a7-f7ddf0737091",
        "gln": { "value": "8200000007203" },
        "status": "Active",
        "gridAreas": ["f4b3fdf9-ab8f-47bb-b49a-9155949611dc"],
        "marketRoles": [
          { "eicFunction": "GridAccessProvider" },
          { "eicFunction": "MeteredDataResponsible" }
        ],
        "meteringPointTypes": []
      }
    ]
  },
  {
    "organizationId": "ee324460-fb15-42b0-839d-257cab55a9ac",
    "name": "Inactive Test Actor",
    "businessRegisterIdentifier": "",
    "comment": null,
    "address": {
      "streetName": null,
      "number": null,
      "zipCode": null,
      "city": null,
      "country": "DK"
    },
    "actors": [
      {
        "actorId": "45113ec9-29d0-4475-9ac7-c97c44e72b25",
        "externalActorId": "0e71f8a0-38a7-4d79-bf69-c6dcf8929f37",
        "gln": { "value": "5790001330553" },
        "status": "Inactive",
        "gridAreas": ["53543859-a23f-444b-9bfc-5aad5b116fbf"],
        "marketRoles": [
          { "eicFunction": "GridAccessProvider" },
          { "eicFunction": "MeteredDataResponsible" }
        ],
        "meteringPointTypes": []
      }
    ]
  },
  {
    "organizationId": "db04734f-8257-45f7-86aa-c9a38a20b212",
    "name": "Joules U-001",
    "businessRegisterIdentifier": "",
    "comment": null,
    "address": {
      "streetName": null,
      "number": null,
      "zipCode": null,
      "city": null,
      "country": "DK"
    },
    "actors": [
      {
        "actorId": "aa97ebc0-f778-420a-a3f2-bb3167337539",
        "externalActorId": "b65bf5d4-16ed-415a-bc42-90331d2f8eaf",
        "gln": { "value": "8574664796620" },
        "status": "Active",
        "gridAreas": ["01635680-86e1-4146-a485-bbffe2330ff4"],
        "marketRoles": [
          { "eicFunction": "GridAccessProvider" },
          { "eicFunction": "MeteredDataResponsible" }
        ],
        "meteringPointTypes": []
      }
    ]
  },
  {
    "organizationId": "48ae9c0f-5524-44c0-a45a-0744899b0980",
    "name": "KMD A/S",
    "businessRegisterIdentifier": "",
    "comment": null,
    "address": {
      "streetName": null,
      "number": null,
      "zipCode": null,
      "city": null,
      "country": "DK"
    },
    "actors": [
      {
        "actorId": "2e25a1a1-3a98-4c0e-93e5-2a422d175400",
        "externalActorId": "f88a12a4-4c5b-4e9c-bd6a-9c48e11ae505",
        "gln": { "value": "8200000007647" },
        "status": "Active",
        "gridAreas": ["0ec2a713-b029-40a6-8e6c-e1148fbef6b4"],
        "marketRoles": [
          { "eicFunction": "MeteredDataResponsible" },
          { "eicFunction": "GridAccessProvider" }
        ],
        "meteringPointTypes": []
      }
    ]
  },
  {
    "organizationId": "3f37e876-50a0-48ba-9cbb-1cf050afb5c3",
    "name": "KMD A/S",
    "businessRegisterIdentifier": "",
    "comment": null,
    "address": {
      "streetName": null,
      "number": null,
      "zipCode": null,
      "city": null,
      "country": "DK"
    },
    "actors": [
      {
        "actorId": "4fc18e78-5da8-4d15-a397-684c2e81a3e9",
        "externalActorId": "8a679aa1-cb2e-4871-a643-5321e4e55449",
        "gln": { "value": "8200000007296" },
        "status": "Active",
        "gridAreas": ["f05fa661-555e-4c37-a541-a2c3e07eea66"],
        "marketRoles": [
          { "eicFunction": "GridAccessProvider" },
          { "eicFunction": "MeteredDataResponsible" }
        ],
        "meteringPointTypes": []
      }
    ]
  },
  {
    "organizationId": "e0365d01-5787-4128-aee9-245bf765df68",
    "name": "KMD A/S",
    "businessRegisterIdentifier": "",
    "comment": null,
    "address": {
      "streetName": null,
      "number": null,
      "zipCode": null,
      "city": null,
      "country": "DK"
    },
    "actors": [
      {
        "actorId": "abecf74b-01c2-4c8f-ab35-627f892d4ffb",
        "externalActorId": "478a4c63-605b-42db-ae77-b13865ac89ad",
        "gln": { "value": "8200000007630" },
        "status": "Active",
        "gridAreas": ["079075a2-38d2-4df0-98c2-ce7ceede48c6"],
        "marketRoles": [
          { "eicFunction": "GridAccessProvider" },
          { "eicFunction": "MeteredDataResponsible" }
        ],
        "meteringPointTypes": []
      }
    ]
  },
  {
    "organizationId": "f5d5996e-bd33-44d3-8476-3e6c8df538af",
    "name": "KMD A/S",
    "businessRegisterIdentifier": "",
    "comment": null,
    "address": {
      "streetName": null,
      "number": null,
      "zipCode": null,
      "city": null,
      "country": "DK"
    },
    "actors": [
      {
        "actorId": "368e1b9a-fb1e-4585-b511-37a342d6b89f",
        "externalActorId": "4532d655-b91d-4d6d-8103-1b8471e0bdc6",
        "gln": { "value": "8200000004516" },
        "status": "Active",
        "gridAreas": ["2ef1e1cc-61e1-419f-a9a7-f101f80d00fe"],
        "marketRoles": [
          { "eicFunction": "MeteredDataResponsible" },
          { "eicFunction": "GridAccessProvider" }
        ],
        "meteringPointTypes": []
      }
    ]
  },
  {
    "organizationId": "3f3a50b3-4970-4b81-985f-4d7b01d1193d",
    "name": "KMD A/S",
    "businessRegisterIdentifier": "",
    "comment": null,
    "address": {
      "streetName": null,
      "number": null,
      "zipCode": null,
      "city": null,
      "country": "DK"
    },
    "actors": [
      {
        "actorId": "87aafbe3-c688-49f0-bb5d-96fe2b07ee02",
        "externalActorId": "61b46919-07e4-4a49-a22a-55708f9ebbf0",
        "gln": { "value": "8200000004233" },
        "status": "Active",
        "gridAreas": [],
        "marketRoles": [{ "eicFunction": "EnergySupplier" }],
        "meteringPointTypes": []
      }
    ]
  },
  {
    "organizationId": "65ea3d8a-2ed1-4911-b32f-74b5929bf460",
    "name": "KMD A/S",
    "businessRegisterIdentifier": "",
    "comment": null,
    "address": {
      "streetName": null,
      "number": null,
      "zipCode": null,
      "city": null,
      "country": "DK"
    },
    "actors": [
      {
        "actorId": "c7ab1733-f909-4149-a51a-b98e7cbf87dd",
        "externalActorId": "8f7566a0-d540-4789-8739-72484060fbfd",
        "gln": { "value": "8200000007135" },
        "status": "Active",
        "gridAreas": ["b804a9e5-b7dd-4a2e-ab45-36cd38e2327a"],
        "marketRoles": [
          { "eicFunction": "GridAccessProvider" },
          { "eicFunction": "MeteredDataResponsible" }
        ],
        "meteringPointTypes": []
      }
    ]
  },
  {
    "organizationId": "77d47a4e-e06c-40fc-884d-763196942762",
    "name": "KMD A/S",
    "businessRegisterIdentifier": "",
    "comment": null,
    "address": {
      "streetName": null,
      "number": null,
      "zipCode": null,
      "city": null,
      "country": "DK"
    },
    "actors": [
      {
        "actorId": "a2ed12c8-a3f1-4fe3-8933-d5d6656408ad",
        "externalActorId": "c00df348-66aa-4aff-9ff7-6bb496e7b402",
        "gln": { "value": "8200000007319" },
        "status": "Active",
        "gridAreas": [],
        "marketRoles": [{ "eicFunction": "EnergySupplier" }],
        "meteringPointTypes": []
      }
    ]
  },
  {
    "organizationId": "b990aea4-39af-4cdd-b035-9e604008363b",
    "name": "KMD A/S",
    "businessRegisterIdentifier": "",
    "comment": null,
    "address": {
      "streetName": null,
      "number": null,
      "zipCode": null,
      "city": null,
      "country": "DK"
    },
    "actors": [
      {
        "actorId": "dbbec710-4629-4d11-8f95-4645c198bde1",
        "externalActorId": "ea0aa193-c7a1-4899-892b-e863cd6637df",
        "gln": { "value": "8200000007272" },
        "status": "Active",
        "gridAreas": [],
        "marketRoles": [{ "eicFunction": "EnergySupplier" }],
        "meteringPointTypes": []
      }
    ]
  },
  {
    "organizationId": "a6175be9-a5ed-4bb0-9277-9fd8d1dfa5a2",
    "name": "KMD A/S",
    "businessRegisterIdentifier": "",
    "comment": null,
    "address": {
      "streetName": null,
      "number": null,
      "zipCode": null,
      "city": null,
      "country": "DK"
    },
    "actors": [
      {
        "actorId": "194ce64d-0bb4-44ba-8f6e-4dfb27fa13b3",
        "externalActorId": "ddb53b36-9f61-41c4-bebe-77c06cd33151",
        "gln": { "value": "8200000004257" },
        "status": "Active",
        "gridAreas": ["9827c5c5-0014-4044-8f63-e03b270094b7"],
        "marketRoles": [
          { "eicFunction": "MeteredDataResponsible" },
          { "eicFunction": "GridAccessProvider" }
        ],
        "meteringPointTypes": []
      }
    ]
  },
  {
    "organizationId": "db0b5474-a4bf-4cfa-938e-b655672a0c03",
    "name": "KMD A/S",
    "businessRegisterIdentifier": "",
    "comment": null,
    "address": {
      "streetName": null,
      "number": null,
      "zipCode": null,
      "city": null,
      "country": "DK"
    },
    "actors": [
      {
        "actorId": "2f9c4993-d2e5-4fc6-b0c5-0b1339a2b954",
        "externalActorId": "1114b900-ecb2-488b-9bb5-7b536d0a2ef8",
        "gln": { "value": "8200000007289" },
        "status": "Active",
        "gridAreas": [],
        "marketRoles": [{ "eicFunction": "EnergySupplier" }],
        "meteringPointTypes": []
      }
    ]
  },
  {
    "organizationId": "fbe5a257-4929-465d-a391-f2f278ec32ae",
    "name": "KMD A/S",
    "businessRegisterIdentifier": "",
    "comment": null,
    "address": {
      "streetName": null,
      "number": null,
      "zipCode": null,
      "city": null,
      "country": "DK"
    },
    "actors": [
      {
        "actorId": "52772fb5-d62d-4c03-a93e-cc4343239109",
        "externalActorId": "2a0fd613-bb31-455b-9182-0534ac42ba59",
        "gln": { "value": "8200000007111" },
        "status": "Active",
        "gridAreas": [],
        "marketRoles": [{ "eicFunction": "EnergySupplier" }],
        "meteringPointTypes": []
      }
    ]
  },
  {
    "organizationId": "c2c2a8ef-1244-4eea-aa07-f6c77379ba28",
    "name": "KMD A/S",
    "businessRegisterIdentifier": "",
    "comment": null,
    "address": {
      "streetName": null,
      "number": null,
      "zipCode": null,
      "city": null,
      "country": "DK"
    },
    "actors": [
      {
        "actorId": "0c8f8693-9eeb-4af5-a705-6783038bfc71",
        "externalActorId": "f35e48d3-423a-4507-bcf5-a4268d74fa01",
        "gln": { "value": "8200000002987" },
        "status": "Active",
        "gridAreas": [],
        "marketRoles": [{ "eicFunction": "EnergySupplier" }],
        "meteringPointTypes": []
      }
    ]
  },
  {
    "organizationId": "3b6d038b-cf9e-4bdf-b3a3-d852dfdacf00",
    "name": "MD U-001",
    "businessRegisterIdentifier": "",
    "comment": null,
    "address": {
      "streetName": null,
      "number": null,
      "zipCode": null,
      "city": null,
      "country": "DK"
    },
    "actors": [
      {
        "actorId": "25e5cbdf-8b96-4ef3-980b-86c292a82971",
        "externalActorId": "de716833-4f62-4542-933d-3df435eb90c7",
        "gln": { "value": "9524143918127" },
        "status": "Active",
        "gridAreas": ["13543647-4760-4ac9-80e8-f6519b9c09c9"],
        "marketRoles": [
          { "eicFunction": "GridAccessProvider" },
          { "eicFunction": "MeteredDataResponsible" }
        ],
        "meteringPointTypes": []
      }
    ]
  },
  {
    "organizationId": "f03296c3-bdaa-499c-b3e1-4303fcf82229",
    "name": "Midtfyns Elforsyning A.m.b.A",
    "businessRegisterIdentifier": "",
    "comment": null,
    "address": {
      "streetName": null,
      "number": null,
      "zipCode": null,
      "city": null,
      "country": "DK"
    },
    "actors": [
      {
        "actorId": "87c1b6a4-a3e8-4e21-a8de-5d1cce20d693",
        "externalActorId": "b900386e-ca17-43b5-8fba-9f0e73f4345d",
        "gln": { "value": "5790001089023" },
        "status": "Active",
        "gridAreas": ["0b877f87-d635-47a5-b545-2c137abbf0d8"],
        "marketRoles": [
          { "eicFunction": "MeteredDataResponsible" },
          { "eicFunction": "GridAccessProvider" }
        ],
        "meteringPointTypes": []
      }
    ]
  },
  {
    "organizationId": "35dd8195-f0ac-4658-ae20-7f7c4d3d74c0",
    "name": "N1",
    "businessRegisterIdentifier": "",
    "comment": null,
    "address": {
      "streetName": null,
      "number": null,
      "zipCode": null,
      "city": null,
      "country": "DK"
    },
    "actors": [
      {
        "actorId": "9c88352d-5157-4fde-a333-ecf63685e12e",
        "externalActorId": "a42757c3-50a9-43e9-b1f9-d0d2a4ddf5a0",
        "gln": { "value": "5790001089030" },
        "status": "Active",
        "gridAreas": ["3d10d2c3-8b2f-42ca-9de9-a7b366596470"],
        "marketRoles": [
          { "eicFunction": "MeteredDataResponsible" },
          { "eicFunction": "GridAccessProvider" }
        ],
        "meteringPointTypes": []
      }
    ]
  },
  {
    "organizationId": "1569a429-fe2c-472b-9fb0-be7fa6cdbd21",
    "name": "N1",
    "businessRegisterIdentifier": "",
    "comment": null,
    "address": {
      "streetName": null,
      "number": null,
      "zipCode": null,
      "city": null,
      "country": "DK"
    },
    "actors": [
      {
        "actorId": "154ebccb-facb-426b-b0b9-3f370297a960",
        "externalActorId": "9306c399-9038-4129-8895-4008a7b5747e",
        "gln": { "value": "5790000611003" },
        "status": "Active",
        "gridAreas": ["268e002b-52fa-43bb-88e1-5eee7b29ecbc"],
        "marketRoles": [
          { "eicFunction": "MeteredDataResponsible" },
          { "eicFunction": "GridAccessProvider" }
        ],
        "meteringPointTypes": []
      }
    ]
  },
  {
    "organizationId": "8f9acb97-bfe4-4087-ab37-8588b23e9c77",
    "name": "Nord Energi Net A/S",
    "businessRegisterIdentifier": "",
    "comment": null,
    "address": {
      "streetName": null,
      "number": null,
      "zipCode": null,
      "city": null,
      "country": "DK"
    },
    "actors": [
      {
        "actorId": "fe470c48-082d-4fee-bbe5-a041dceb734c",
        "externalActorId": "80146b69-ad6a-4f35-99f7-21db436d9bff",
        "gln": { "value": "5790000610877" },
        "status": "Active",
        "gridAreas": ["2f8197d5-05a7-4f68-957c-73d95d1c9289"],
        "marketRoles": [
          { "eicFunction": "GridAccessProvider" },
          { "eicFunction": "MeteredDataResponsible" }
        ],
        "meteringPointTypes": []
      }
    ]
  },
  {
    "organizationId": "076fa387-f9d8-412e-9ea1-d735b72cdd46",
    "name": "NRGi Elhandel A/S",
    "businessRegisterIdentifier": "",
    "comment": null,
    "address": {
      "streetName": null,
      "number": null,
      "zipCode": null,
      "city": null,
      "country": "DK"
    },
    "actors": [
      {
        "actorId": "23ce49a7-a23b-4610-9893-d4932bb40969",
        "externalActorId": "0d5eec16-9e52-42e0-96bc-4ff3fc3c9a5a",
        "gln": { "value": "5790002329111" },
        "status": "Active",
        "gridAreas": [],
        "marketRoles": [{ "eicFunction": "MeteredDataResponsible" }],
        "meteringPointTypes": []
      }
    ]
  },
  {
    "organizationId": "ec863c4b-0cf8-4c5b-8b36-ddd6e362153f",
    "name": "NRGi Elhandel A/S",
    "businessRegisterIdentifier": "",
    "comment": null,
    "address": {
      "streetName": null,
      "number": null,
      "zipCode": null,
      "city": null,
      "country": "DK"
    },
    "actors": [
      {
        "actorId": "3d748678-170e-4412-a5a7-c4367d073978",
        "externalActorId": "5b294533-eb98-4073-8477-094e720c903c",
        "gln": { "value": "5790001687137" },
        "status": "Active",
        "gridAreas": [],
        "marketRoles": [{ "eicFunction": "EnergySupplier" }],
        "meteringPointTypes": []
      }
    ]
  },
  {
    "organizationId": "97c4e6ee-dcf4-4b50-8948-06ef8c381dd2",
    "name": "OK a.m.b.a.",
    "businessRegisterIdentifier": "",
    "comment": null,
    "address": {
      "streetName": null,
      "number": null,
      "zipCode": null,
      "city": null,
      "country": "DK"
    },
    "actors": [
      {
        "actorId": "995b2135-9044-4df9-b9b8-f6a4908446d4",
        "externalActorId": "519943be-f3f3-49d7-a332-eed2524bb586",
        "gln": { "value": "5790002420696" },
        "status": "Active",
        "gridAreas": [],
        "marketRoles": [{ "eicFunction": "EnergySupplier" }],
        "meteringPointTypes": []
      }
    ]
  },
  {
    "organizationId": "b7a9c0e2-44af-4679-8379-3e8d659692a4",
    "name": "OK a.m.b.a.",
    "businessRegisterIdentifier": "",
    "comment": null,
    "address": {
      "streetName": null,
      "number": null,
      "zipCode": null,
      "city": null,
      "country": "DK"
    },
    "actors": [
      {
        "actorId": "1a1c6a19-a23c-410e-b493-e5638a041bf8",
        "externalActorId": "27f168a8-a23c-48f1-88aa-116ed7fd2bc1",
        "gln": { "value": "8100000000108" },
        "status": "Active",
        "gridAreas": [],
        "marketRoles": [{ "eicFunction": "EnergySupplier" }],
        "meteringPointTypes": []
      }
    ]
  },
  {
    "organizationId": "37dabfd1-d215-4bda-a63d-54e37ed3e0ca",
    "name": "OK a.m.b.a.",
    "businessRegisterIdentifier": "",
    "comment": null,
    "address": {
      "streetName": null,
      "number": null,
      "zipCode": null,
      "city": null,
      "country": "DK"
    },
    "actors": [
      {
        "actorId": "3c3eed0c-ab42-4134-97a3-e7ef500a7f67",
        "externalActorId": "e47fd7e8-114a-4e5f-bc7c-19d12fd2d884",
        "gln": { "value": "8100000000146" },
        "status": "Active",
        "gridAreas": ["454db06d-3bf4-40e5-ae67-ddb8986a2479"],
        "marketRoles": [
          { "eicFunction": "GridAccessProvider" },
          { "eicFunction": "MeteredDataResponsible" }
        ],
        "meteringPointTypes": []
      }
    ]
  },
  {
    "organizationId": "30a1ac9a-71b9-4a3e-883f-3a8ed331a09e",
    "name": "Radius Elnet A/S",
    "businessRegisterIdentifier": "",
    "comment": null,
    "address": {
      "streetName": null,
      "number": null,
      "zipCode": null,
      "city": null,
      "country": "DK"
    },
    "actors": [
      {
        "actorId": "e69f65bc-cf1d-4480-95c5-d439395c94bc",
        "externalActorId": "f9b5e62b-3576-4cc6-81b7-ccdea2010d41",
        "gln": { "value": "5790000705689" },
        "status": "Active",
        "gridAreas": [
          "cc7bee74-afd7-4d1f-90c7-1583fc7a2fb4",
          "e3e7dd7f-4807-4482-b50c-6bfdc972f1e1"
        ],
        "marketRoles": [
          { "eicFunction": "GridAccessProvider" },
          { "eicFunction": "MeteredDataResponsible" }
        ],
        "meteringPointTypes": []
      }
    ]
  },
  {
    "organizationId": "83b2ba54-2fe1-4db6-9eab-3b2f7b3d60e1",
    "name": "Radius Elnet A/S",
    "businessRegisterIdentifier": "",
    "comment": null,
    "address": {
      "streetName": null,
      "number": null,
      "zipCode": null,
      "city": null,
      "country": "DK"
    },
    "actors": [
      {
        "actorId": "85244377-6b84-410f-99c3-e35b58028b8f",
        "externalActorId": "81ad2de5-57d5-48e3-83dc-35f3488afa6f",
        "gln": { "value": "5790000267958" },
        "status": "Active",
        "gridAreas": [],
        "marketRoles": [{ "eicFunction": "MeteredDataResponsible" }],
        "meteringPointTypes": []
      }
    ]
  },
  {
    "organizationId": "afdf209d-22fe-4c07-86ee-3cb2d51123a3",
    "name": "RAH Net A/S",
    "businessRegisterIdentifier": "",
    "comment": null,
    "address": {
      "streetName": null,
      "number": null,
      "zipCode": null,
      "city": null,
      "country": "DK"
    },
    "actors": [
      {
        "actorId": "69739005-6a02-4f76-a230-b0160bce8f87",
        "externalActorId": "3000e8c2-0dc0-4532-a40d-01ca17fe0d08",
        "gln": { "value": "5790000681327" },
        "status": "Active",
        "gridAreas": ["0e797976-a83b-42c4-8a1b-bf3a9f642e1a"],
        "marketRoles": [
          { "eicFunction": "GridAccessProvider" },
          { "eicFunction": "MeteredDataResponsible" }
        ],
        "meteringPointTypes": []
      }
    ]
  },
  {
    "organizationId": "762ccb00-f08d-45c1-53ae-08da318d35c8",
    "name": "Svenske net aa1",
    "businessRegisterIdentifier": "12365498",
    "comment": null,
    "address": {
      "streetName": "P.O. Box 1200, ",
      "number": null,
      "zipCode": "SE-172 24",
      "city": " Sundbyberg",
      "country": "SE"
    },
    "actors": []
  },
  {
    "organizationId": "591c0b3e-13d4-452d-1c63-08da3a3ee23a",
    "name": "Test xkama",
    "businessRegisterIdentifier": "1234",
    "comment": null,
    "address": {
      "streetName": "testvej",
      "number": "1",
      "zipCode": "8000",
      "city": "Aarhus c",
      "country": "DK"
    },
    "actors": []
  },
  {
    "organizationId": "5dd28ce2-23dd-4559-4ef2-08da1883f377",
    "name": "Titans A/S",
    "businessRegisterIdentifier": "00000000",
    "comment": null,
    "address": {
      "streetName": null,
      "number": null,
      "zipCode": null,
      "city": null,
      "country": "DK"
    },
    "actors": []
  },
  {
    "organizationId": "c863e192-b71b-4294-a31f-82c97e6f38c1",
    "name": "Titans U-001",
    "businessRegisterIdentifier": "00000002",
    "comment": null,
    "address": {
      "streetName": null,
      "number": null,
      "zipCode": null,
      "city": null,
      "country": "DK"
    },
    "actors": [
      {
        "actorId": "6b240197-d6dd-4437-bd68-3fc98b6f1a03",
        "externalActorId": "20284dd9-8586-4b9d-87b3-e1f29faec8fd",
        "gln": { "value": "9316911914857" },
        "status": "Active",
        "gridAreas": ["47381d20-a583-45a4-836b-636c43603179"],
        "marketRoles": [
          { "eicFunction": "MeteredDataResponsible" },
          { "eicFunction": "GridAccessProvider" }
        ],
        "meteringPointTypes": []
      }
    ]
  },
  {
    "organizationId": "e492bfd1-59b3-4cea-ae5e-6ed4ba5fd121",
    "name": "TREFOR El-net",
    "businessRegisterIdentifier": "",
    "comment": null,
    "address": {
      "streetName": null,
      "number": null,
      "zipCode": null,
      "city": null,
      "country": "DK"
    },
    "actors": [
      {
        "actorId": "fad5f632-a23e-473d-942b-22f156d229a9",
        "externalActorId": "5de61589-8846-45e1-af3f-786673a287a7",
        "gln": { "value": "5790000392261" },
        "status": "Active",
        "gridAreas": ["5db85342-fb33-40c2-9814-8c9123a69a34"],
        "marketRoles": [
          { "eicFunction": "MeteredDataResponsible" },
          { "eicFunction": "GridAccessProvider" }
        ],
        "meteringPointTypes": []
      }
    ]
  },
  {
    "organizationId": "618cc618-1cfa-4102-b7b3-ca7f27a89077",
    "name": "Vindstød A/S",
    "businessRegisterIdentifier": "",
    "comment": null,
    "address": {
      "streetName": null,
      "number": null,
      "zipCode": null,
      "city": null,
      "country": "DK"
    },
    "actors": [
      {
        "actorId": "68c167fe-cbe9-43a1-8123-de55486960e0",
        "externalActorId": "8b678ccf-d6c0-4f5a-890b-7589746664f1",
        "gln": { "value": "5790002105289" },
        "status": "Active",
        "gridAreas": [],
        "marketRoles": [{ "eicFunction": "EnergySupplier" }],
        "meteringPointTypes": []
      }
    ]
  },
  {
    "organizationId": "bc561a74-7e78-426c-9c44-78ef6f139baf",
    "name": "Volt - DDM Test 1 -",
    "businessRegisterIdentifier": "",
    "comment": null,
    "address": {
      "streetName": null,
      "number": null,
      "zipCode": null,
      "city": null,
      "country": "DK"
    },
    "actors": [
      {
        "actorId": "15339a06-a628-44a5-96cc-a3c464f06ec4",
        "externalActorId": "b8f00060-e02a-4418-a1bd-963778473238",
        "gln": { "value": "8100000000016" },
        "status": "Active",
        "gridAreas": ["0cf56e44-d021-411c-936d-3979d8b2c49c"],
        "marketRoles": [
          { "eicFunction": "GridAccessProvider" },
          { "eicFunction": "MeteredDataResponsible" }
        ],
        "meteringPointTypes": []
      }
    ]
  },
  {
    "organizationId": "ae34ae80-f7f4-473c-a3f7-92cbc9683ef7",
    "name": "Volt - DDM Test 2 -",
    "businessRegisterIdentifier": "",
    "comment": null,
    "address": {
      "streetName": null,
      "number": null,
      "zipCode": null,
      "city": null,
      "country": "DK"
    },
    "actors": [
      {
        "actorId": "5bb71aab-edf2-4d75-9a2c-4afbbb6d03b0",
        "externalActorId": "d49bc21d-87c0-426b-bd2d-a097a91de611",
        "gln": { "value": "8100000000023" },
        "status": "Active",
        "gridAreas": ["0b923230-9101-40fb-b798-563176faf3ab"],
        "marketRoles": [
          { "eicFunction": "GridAccessProvider" },
          { "eicFunction": "MeteredDataResponsible" }
        ],
        "meteringPointTypes": []
      }
    ]
  },
  {
    "organizationId": "467186d9-f518-4373-a64e-598d285b0ec0",
    "name": "Volt - DDM Test 3 -",
    "businessRegisterIdentifier": "",
    "comment": null,
    "address": {
      "streetName": null,
      "number": null,
      "zipCode": null,
      "city": null,
      "country": "DK"
    },
    "actors": [
      {
        "actorId": "e78feeb2-2878-4586-99b9-145edd470f95",
        "externalActorId": "f718ac37-9b7f-42dc-943e-bd211ea044ff",
        "gln": { "value": "8100000000030" },
        "status": "Active",
        "gridAreas": ["fa5efbcc-1dee-4ee5-acb5-979d4a64b583"],
        "marketRoles": [
          { "eicFunction": "GridAccessProvider" },
          { "eicFunction": "MeteredDataResponsible" }
        ],
        "meteringPointTypes": []
      }
    ]
  },
  {
    "organizationId": "9c50b8b7-c936-4661-bcc5-91150b46f68e",
    "name": "Volt - DDM Test 4 -",
    "businessRegisterIdentifier": "",
    "comment": null,
    "address": {
      "streetName": null,
      "number": null,
      "zipCode": null,
      "city": null,
      "country": "DK"
    },
    "actors": [
      {
        "actorId": "08ed22e3-615d-4f0e-993d-cfc1f4a833f8",
        "externalActorId": "a4abd4ad-4ff3-4e93-a86d-7b164910ca34",
        "gln": { "value": "9656626091925" },
        "status": "Active",
        "gridAreas": ["34d6a61e-0996-438b-89cd-ee0a1c73efc0"],
        "marketRoles": [
          { "eicFunction": "MeteredDataResponsible" },
          { "eicFunction": "GridAccessProvider" }
        ],
        "meteringPointTypes": []
      }
    ]
  },
  {
    "organizationId": "f39747cb-3947-49bc-9c9f-f8ecc1033da0",
    "name": "Volt - EZ Test 1 -",
    "businessRegisterIdentifier": "",
    "comment": null,
    "address": {
      "streetName": null,
      "number": null,
      "zipCode": null,
      "city": null,
      "country": "DK"
    },
    "actors": [
      {
        "actorId": "dd8953b0-14a8-44da-81e2-7663a99c4e90",
        "externalActorId": "af450c03-1937-4ea1-bb66-17b6e4aa51f5",
        "gln": { "value": "5790000432752" },
        "status": "Active",
        "gridAreas": [],
        "marketRoles": [{ "eicFunction": "TradeResponsibleParty" }],
        "meteringPointTypes": []
      }
    ]
  },
  {
    "organizationId": "798fbe32-04ce-491c-b983-afce7e98cf65",
    "name": "Vores Elnet A/S",
    "businessRegisterIdentifier": "",
    "comment": null,
    "address": {
      "streetName": null,
      "number": null,
      "zipCode": null,
      "city": null,
      "country": "DK"
    },
    "actors": [
      {
        "actorId": "7217b266-5e2a-42d9-8312-8b7b4483015c",
        "externalActorId": "b6d3dcb7-2722-426a-8970-ece730165919",
        "gln": { "value": "5790001087975" },
        "status": "Active",
        "gridAreas": ["da78b887-a080-476d-864a-8cecc0be663c"],
        "marketRoles": [
          { "eicFunction": "MeteredDataResponsible" },
          { "eicFunction": "GridAccessProvider" }
        ],
        "meteringPointTypes": []
      }
    ]
  },
  {
    "organizationId": "b5ba780d-26a2-4daa-89a1-e6ea7c70add0",
    "name": "Vores Elnet A/S",
    "businessRegisterIdentifier": "",
    "comment": null,
    "address": {
      "streetName": null,
      "number": null,
      "zipCode": null,
      "city": null,
      "country": "DK"
    },
    "actors": [
      {
        "actorId": "16d66994-3909-4207-abb1-63ab33ba5e3a",
        "externalActorId": "c3fe13ec-03e5-48f1-b1c8-4c501077e203",
        "gln": { "value": "5790000610976" },
        "status": "Active",
        "gridAreas": ["58fd7cac-326a-4556-9fb4-59d68f406768"],
        "marketRoles": [
          { "eicFunction": "GridAccessProvider" },
          { "eicFunction": "MeteredDataResponsible" }
        ],
        "meteringPointTypes": []
      }
    ]
  },
  {
    "organizationId": "1877edd2-e9f6-416b-17c5-08da245ca2a0",
    "name": "X1",
    "businessRegisterIdentifier": "11111111",
    "comment": null,
    "address": {
      "streetName": null,
      "number": null,
      "zipCode": null,
      "city": null,
      "country": "DK"
    },
    "actors": []
  },
  {
    "organizationId": "c5d1d68c-cc37-4eeb-17c6-08da245ca2a0",
    "name": "X2",
    "businessRegisterIdentifier": "11111111",
    "comment": null,
    "address": {
      "streetName": null,
      "number": null,
      "zipCode": null,
      "city": null,
      "country": "DK"
    },
    "actors": []
  },
  {
    "organizationId": "0cdfb0de-11e3-43a5-00c7-08da245e5187",
    "name": "x3",
    "businessRegisterIdentifier": "11111111",
    "comment": null,
    "address": {
      "streetName": null,
      "number": null,
      "zipCode": null,
      "city": null,
      "country": "DK"
    },
    "actors": []
  },
  {
    "organizationId": "3ada0b23-8d24-4cc9-ece7-08da245c35f2",
    "name": "xABC2",
    "businessRegisterIdentifier": "11111111",
    "comment": null,
    "address": {
      "streetName": null,
      "number": null,
      "zipCode": null,
      "city": null,
      "country": "DK"
    },
    "actors": []
  },
  {
    "organizationId": "c8059c92-e31f-4151-ece8-08da245c35f2",
    "name": "xABC2",
    "businessRegisterIdentifier": "11111111",
    "comment": null,
    "address": {
      "streetName": null,
      "number": null,
      "zipCode": null,
      "city": null,
      "country": "DK"
    },
    "actors": []
  },
  {
    "organizationId": "7d5f6755-bb8d-4777-ece9-08da245c35f2",
    "name": "xABC2",
    "businessRegisterIdentifier": "11111111",
    "comment": null,
    "address": {
      "streetName": null,
      "number": null,
      "zipCode": null,
      "city": null,
      "country": "DK"
    },
    "actors": []
  },
  {
    "organizationId": "c25e36b9-b471-4473-8734-08da26bbb592",
    "name": "XYZ A/S",
    "businessRegisterIdentifier": "11111111",
    "comment": null,
    "address": {
      "streetName": null,
      "number": null,
      "zipCode": null,
      "city": null,
      "country": "DK"
    },
    "actors": []
  },
  {
    "organizationId": "ee18cde5-593f-4a4c-8735-08da26bbb592",
    "name": "XYZ A/S",
    "businessRegisterIdentifier": "11111111",
    "comment": null,
    "address": {
      "streetName": null,
      "number": null,
      "zipCode": null,
      "city": null,
      "country": "DK"
    },
    "actors": []
  },
  {
    "organizationId": "b064a4e5-aea0-4a22-4494-08da26bf6657",
    "name": "XYZ A/S",
    "businessRegisterIdentifier": "11111111",
    "comment": null,
    "address": {
      "streetName": null,
      "number": null,
      "zipCode": null,
      "city": null,
      "country": "DK"
    },
    "actors": []
  },
  {
    "organizationId": "3d32b7ae-6ac8-4219-4495-08da26bf6657",
    "name": "XYZ A/S",
    "businessRegisterIdentifier": "00000000",
    "comment": null,
    "address": {
      "streetName": null,
      "number": null,
      "zipCode": null,
      "city": null,
      "country": "DK"
    },
    "actors": []
  },
  {
    "organizationId": "c7535910-cdf7-4f6f-4496-08da26bf6657",
    "name": "XYZ A/S",
    "businessRegisterIdentifier": "00000000",
    "comment": null,
    "address": {
      "streetName": null,
      "number": null,
      "zipCode": null,
      "city": null,
      "country": "DK"
    },
    "actors": []
  },
  {
    "organizationId": "8abecd9d-1ea9-4039-4497-08da26bf6657",
    "name": "XYZ A/S",
    "businessRegisterIdentifier": "00000000",
    "comment": null,
    "address": {
      "streetName": null,
      "number": null,
      "zipCode": null,
      "city": null,
      "country": "DK"
    },
    "actors": []
  },
  {
    "organizationId": "3a8bdfc8-3223-4fb3-4498-08da26bf6657",
    "name": "XYZ A/S",
    "businessRegisterIdentifier": "12312345",
    "comment": null,
    "address": {
      "streetName": null,
      "number": null,
      "zipCode": null,
      "city": null,
      "country": "DK"
    },
    "actors": []
  },
  {
    "organizationId": "4101e29d-6840-4425-4499-08da26bf6657",
    "name": "XYZ A/S",
    "businessRegisterIdentifier": "11111111",
    "comment": null,
    "address": {
      "streetName": null,
      "number": null,
      "zipCode": null,
      "city": null,
      "country": "DK"
    },
    "actors": []
  },
  {
    "organizationId": "be822aa6-288a-48b7-449a-08da26bf6657",
    "name": "XYZ A/S",
    "businessRegisterIdentifier": "11111111",
    "comment": null,
    "address": {
      "streetName": null,
      "number": null,
      "zipCode": null,
      "city": null,
      "country": "DK"
    },
    "actors": []
  }
]
